drawing_no,title,project_id,building,floor,discipline,current_ver,cad_path,pdf_path,aliases
A0,封面,,,,,,,,
A0-00,索引表,,,,,,,,
A0-01,建築施工說明(一),,,,,,,,
A0-02,建築施工說明(二),,,,,,,,
A0-03,建築施工說明(三),,,,,,,,
A0-04,結構及無障礙施工說明,,,,,,,,
A0-05,機電施工說明(一),,,,,,,,
A0-06,機電施工說明(二),,,,,,,,
A1-01,基地位置圖、配置圖、面積計算表,,,,,,,,
A1-02,基地現況地盤圖,,,,,,,,
A1-03,地下一層柱位放樣平面圖,,,,,,,,
A1-04,一層柱位放樣平面圖,,,,,,,,
A1-05,連續壁穿管位置平面圖,,,,,,,,
A1-06,粉刷表一,,,,,,,,
A1-07,粉刷表二,,,,,,,,
A1-08,色彩計畫,,,,,,,,
A1-09,基地挖填土方計算圖,,,,,,,,
A1-10,工地安全措施及整地說明圖,,,,,,,,
A1-11,職安衛圖解(一),,,,,,,,
A1-12,職安衛圖解(二),,,,,,,,
A1-13,職安衛圖解(三),,,,,,,,
A2-01,全區配置平面圖,,,,,,,,
A2-02,筏基層平面圖,,,,,,,,
A2-03,地下二層平面圖,,,,,,,,
A2-04,地下一層平面圖,,,,,,,,
A2-05,一層平面圖,,,,,,,,
A2-06,二層平面圖,,,,,,,,
A2-07,三層平面圖,,,,,,,,
A2-08,四層平面圖,,,,,,,,
A2-09,五層平面圖,,,,,,,,
A2-10,六層平面圖,,,,,,,,
A2-11,七層平面圖,,,,,,,,
A2-12,屋突一層平面圖,,,,,,,,
A2-13,屋突二層平面圖,,,,,,,,
A2-14,屋突三層與屋頂層平面圖,,,,,,,,
A2-15,造型牆剖面補充,,,,,,,,
A3-01,東西向立面圖,,,,,,,,
A3-02,南向立面圖,,,,,,,,
A3-03,北向立面圖,,,,,,,,
A4-01,剖面/透視索引圖,,,,,,,,
A4-02,橫向剖面圖,,,,,,,,
A4-03,縱向剖面圖(一),,,,,,,,
A4-04,縱向剖面圖(二),,,,,,,,
A4-05,外牆剖面圖-南向,,,,,,,,
A4-06,外牆剖面圖-東向,,,,,,,,
A4-07,外牆剖面圖-北向,,,,,,,,
A4-08,外牆剖面圖-西向(一),,,,,,,,
A4-09,外牆剖面圖-西向(二),,,,,,,,
A5-01,甲安全梯平面圖(一),,,,,,,,
A5-02,甲安全梯平面圖(二),,,,,,,,
A5-03,甲安全梯剖面圖,,,,,,,,
A5-04,乙安全梯平面圖(一),,,,,,,,
A5-05,乙安全梯平面圖(二),,,,,,,,
A5-06,乙安全梯剖面圖,,,,,,,,
A5-07,西側出入口剖面/透剖示意圖,,,,,,,,
A5-08,西側出入口樓梯、無障礙坡道平剖面圖,,,,,,,,
A5-09,警衛室剖/立面圖,,,,,,,,
A5-10,東側出入口平剖面圖,,,,,,,,
A5-11,入口大廳平剖面圖,,,,,,,,
A5-12,汽機車坡道、油槽平面圖,,,,,,,,
A5-13,汽車坡道平面圖、剖面圖,,,,,,,,
A5-14,汽機車坡道剖面圖(一),,,,,,,,
A5-15,汽機車坡道、油槽剖面圖(二),,,,,,,,
A5-16,A電梯平面圖(一),,,,,,,,
A5-17,A電梯平面圖(二),,,,,,,,
A5-18,B電梯平面圖(一),,,,,,,,
A5-19,B電梯平面圖(二),,,,,,,,
A5-20,A電梯剖面圖,,,,,,,,
A5-21,B電梯剖面圖,,,,,,,,
A5-22,A、B電梯立面圖,,,,,,,,
A5-23,無障礙電梯詳圖,,,,,,,,
A6-01,門窗表(一),,,,,,,,
A6-02,門窗表(二),,,,,,,,
A6-03,門窗表(三),,,,,,,,
A6-04,帷幕/百葉示意詳圖,,,,,,,,
A6-05,金屬格柵外牆詳圖,,,,,,,,
A6-06,金屬包鈑詳圖(一),,,,,,,,
A6-07,金屬包鈑詳圖(二),,,,,,,,
A6-08,電動防火鐵捲門詳圖(一),,,,,,,,
A6-09,電動鐵捲門詳圖(一),,,,,,,,
A6-10,電動鐵捲門詳圖(二),,,,,,,,
A6-11,電動鐵捲門詳圖(三),,,,,,,,
A6-12,電動快速捲門及不銹鋼雙開式防水閘門詳圖,,,,,,,,
A6-13,遮煙捲簾、防火門、防火百葉示意圖,,,,,,,,
A7-01,廁所單元詳圖(一),,,,,,,,
A7-02,廁所單元詳圖(二),,,,,,,,
A7-03,廁所搗擺隔間詳圖,,,,,,,,
A7-04,廁所UT面板詳圖,,,,,,,,
A7-05,地坪牆壁裝修詳圖(一),,,,,,,,
A7-06,地坪牆壁裝修詳圖(二),,,,,,,,
A7-07,地下一、二層天花平面圖,,,,,,,,
A7-08,一層天花平面圖,,,,,,,,
A7-09,二、三層天花平面圖,,,,,,,,
A7-10,四、五層天花平面圖,,,,,,,,
A7-11,六、七層天花平面圖,,,,,,,,
A7-12,屋突層天花平面圖,,,,,,,,
A7-13,天花板詳圖,,,,,,,,
A7-14,輕隔間詳圖(一),,,,,,,,
A7-15,輕隔間詳圖(二),,,,,,,,
A7-16,輕隔間細部圖(一),,,,,,,,
A7-17,輕隔間細部圖(二),,,,,,,,
A7-18,輕隔間細部圖(三),,,,,,,,
A7-19,輕隔間細部圖(四),,,,,,,,
A7-20,輕隔間包柱詳圖,,,,,,,,
A7-21,高架地板詳圖,,,,,,,,
A7-22,刮泥地墊詳圖,,,,,,,,
A8-01,全區植栽配置圖,,,,,,,,
A8-02,屋頂植栽配置圖,,,,,,,,
A8-03,四向景觀剖面圖,,,,,,,,
A8-04,植栽詳圖,,,,,,,,
A8-05,地下一.二層排水平面圖,,,,,,,,
A8-06,一層排水平面圖,,,,,,,,
A8-07,二.三層排水平面圖,,,,,,,,
A8-08,四.五層排水平面圖,,,,,,,,
A8-09,六.七層排水平面圖,,,,,,,,
A8-10,屋突一、二層排水平面圖,,,,,,,,
A8-11,屋頂、屋突三層排水平面圖,,,,,,,,
A8-12,排水大樣詳圖(一),,,,,,,,
A8-13,排水大樣詳圖(二),,,,,,,,
A9-01,大樣詳圖(一)-牆轉角、人孔及無障礙磚詳圖,,,,,,,,
A9-02,大樣詳圖(二)-爬梯、反射鏡及消防箱崁入詳圖,,,,,,,,
A9-03,大樣詳圖(三)-建築及機電設備帶對齊線詳圖,,,,,,,,
A9-04,大樣詳圖(四)-扶手及欄杆大樣詳圖,,,,,,,,
A9-05,大樣詳圖(五)-屋頂層水箱詳圖,,,,,,,,
A9-06,大樣詳圖(六)防撞條及水箱詳圖,,,,,,,,
A9-07,大樣詳圖(七)-斜坡出入口及停車設施詳圖,,,,,,,,
A9-08,大樣詳圖(八)-收邊原則案例詳圖,,,,,,,,
A9-09,防水大樣詳圖(一),,,,,,,,
A9-10,防水大樣詳圖(二),,,,,,,,
A9-11,防水大樣詳圖(三),,,,,,,,
A9-12,防水大樣詳圖(四),,,,,,,,
A9-13,洗窗機配置平面圖,,,,,,,,
A9-14,月台調整版、洗窗機大樣詳圖,,,,,,,,
A9-15,櫥櫃詳圖(一),,,,,,,,
A9-16,櫥櫃詳圖(二),,,,,,,,
A9-17,櫥櫃、洗手檯詳圖,,,,,,,,
A9-18,櫥櫃細部詳圖,,,,,,,,
A9-19,外牆石材詳圖(一),,,,,,,,
A9-20,外牆石材詳圖(二),,,,,,,,
A9-21,外牆石材詳圖(三),,,,,,,,
A9-22,接地及避雷系統配置圖,,,,,,,,
A9-23,消/導雷器詳圖,,,,,,,,
A9-24,吊物平台防護詳圖,,,,,,,,
A10-01,地下二層指標平面圖,,,,,,,,
A10-02,地下一層指標平面圖,,,,,,,,
A10-03,一層指標平面圖,,,,,,,,
A10-04,二層指標平面圖,,,,,,,,
A10-05,三層指標平面圖,,,,,,,,
A10-06,四層指標平面圖,,,,,,,,
A10-07,五層指標平面圖,,,,,,,,
A10-08,六層指標平面圖,,,,,,,,
A10-09,七層指標平面圖,,,,,,,,
A10-10,指標大樣詳圖(一),,,,,,,,
